RICK OWENS STRETCH BOOT,/us/adidasx/rickowens/boots_cod44916383rq.html
RICK OWENS STRETCH BOOT,/us/adidasx/rickowens/boots_cod44916380lj.html
RICK OWENS STRETCH BOOT,/us/adidasx/rickowens/boots_cod44916371ak.html
RICK OWENS STRETCH BOOT,/us/adidasx/rickowens/boots_cod44902519wo.html
RICK OWENS ANKLE BOOT,/us/adidasx/rickowens/boots_cod44916386jh.html
RICK OWENS ANKLE BOOT,/us/adidasx/rickowens/boots_cod44916382hw.html
RICK OWENS ANKLE BOOT,/us/adidasx/rickowens/boots_cod44916376kc.html
RICK OWENS ANKLE BOOT,/us/adidasx/rickowens/sneakers_cod44902513it.html
RICK OWENS RUNNER,/us/adidasx/rickowens/sneakers_cod44916390hn.html
RICK OWENS RUNNER,/us/adidasx/rickowens/sneakers_cod44902530ef.html
YY CAMPUS BOXING,/us/adidasx/yohjiyamamoto/sneakers_cod44923428rg.html
Raf Simons Response Robot,/us/adidasx/rafsimons/sneakers_cod44923079bg.html
YY CAMPUS BOXING,/us/adidasx/yohjiyamamoto/sneakers_cod44923430sr.html
RAF SIMONS OZWEEGO 2,/us/adidasx/rafsimons/sneakers_cod44917563wu.html
Raf Simons Response 2,/us/adidasx/rafsimons/sneakers_cod44923077hk.html
Raf Simons Response 2,/us/adidasx/rafsimons/sneakers_cod44923071wp.html
ZX 8000 Mid JUUN.J,/us/adidasx/juunj/sneakers_cod44923195wt.html
ZX 8000 Mid JUUN.J,/us/adidasx/juunj/sneakers_cod44922967ue.html
ZX 8000 Low JUUN.J,/us/adidasx/juunj/sneakers_cod44923197ao.html
ZX 8000 Low JUUN.J,/us/adidasx/juunj/sneakers_cod44922961mw.html
Raf Simons Aged Stan´s,/us/adidasx/rafsimons/sneakers_cod44917556nu.html
Raf Simons Aged Stan´s,/us/adidasx/rafsimons/sneakers_cod44917538fm.html
Raf Simons Ozweego 2,/us/adidasx/rafsimons/sneakers_cod44917552me.html
RAF SIMONS STAN SMITH,/us/adidasx/rafsimons/sneakers_cod44896970mw.html
RAF SIMONS STAN SMITH,/us/adidasx/rafsimons/sneakers_cod44896969fq.html
RAF SIMONS STAN SMITH,/us/adidasx/rafsimons/sneakers_cod44896968tj.html
RAF SIMONS STAN SMITH,/us/adidasx/rafsimons/sneakers_cod44896967td.html
RAF SIMONS STAN SMITH,/us/adidasx/rafsimons/sneakers_cod44896966ix.html
ultra boost KOLOR,/us/adidasx/kolor/sneakers_cod44917901pu.html
ultra boost KOLOR,/us/adidasx/kolor/sneakers_cod44917900be.html
Ultra Boost J & D,/us/adidasx/ultraboostcollective/sneakers_cod44863323fb.html
Superstar 80s Badges Shoes,/us/adidasx/marykatrantzou/sneakers_cod44896202cn.html
ZX Flux Tech Shoes,/us/adidasx/marykatrantzou/sneakers_cod44896205ng.html
ZX Flux Tech Shoes,/us/adidasx/marykatrantzou/sneakers_cod44896203es.html
adilette Up Slides,/us/adidasx/marykatrantzou/sandals_cod44896204xv.html
adidas by kolor DOWN JACKET,/us/adidasx/kolor/jacket_cod41602643tm.html
Varsity Jacket,/us/adidasx/marykatrantzou/jacket_cod41589795fi.html
Dress,/us/adidasx/marykatrantzou/dress_cod34560173hq.html
Pleated Long Skirt,/us/adidasx/marykatrantzou/skirt_cod34560171xv.html
Wind Parka Dress,/us/adidasx/marykatrantzou/dress_cod34560168lu.html
adidas by kolor ANORAK JACKET,/us/adidasx/kolor/jacket_cod41602640bh.html
Wind Parka Dress,/us/adidasx/marykatrantzou/dress_cod34560170vi.html
Vintage Pullover,/us/adidasx/marykatrantzou/sweatshirt_cod37749703is.html
adidas by kolor WARP KNIT TOP,/us/adidasx/kolor/sweater_cod37783045su.html
Structured Tee,/us/adidasx/marykatrantzou/short-sleeve-t-shirt_cod37749702ov.html
Floor-Length Dress,/us/adidasx/marykatrantzou/dress_cod34560169fq.html
adidas by kolor 3D KNIT LS TOP,/us/adidasx/kolor/sweatshirt_cod37783035ph.html
Track Jacket,/us/adidasx/marykatrantzou/track-top_cod41589797bx.html
Track Jacket,/us/adidasx/marykatrantzou/track-top_cod41589796rt.html
adidas by kolor CLIMAHEAT HOODIE,/us/adidasx/kolor/sweatshirt_cod41602642sv.html
adidas by kolor 3D KNIT SS TOP,/us/adidasx/kolor/sweatshirt_cod37783034vi.html
adidas by kolor PANTS,/us/adidasx/kolor/pant_cod36767104pw.html
Track Pants,/us/adidasx/marykatrantzou/pant_cod36736543dj.html
Tank Dress,/us/adidasx/marykatrantzou/dress_cod34560167el.html
adidas by kolor SHORTS,/us/adidasx/kolor/shorts_cod36767103kg.html
Pleated Skirt,/us/adidasx/marykatrantzou/skirt_cod34560172ng.html
adidas by kolor CLIMACHILL TEE,/us/adidasx/kolor/short-sleeve-t-shirt_cod37783042st.html
Bodysuit,/us/adidasx/marykatrantzou/sweater_cod37749704wx.html
Shorts,/us/adidasx/marykatrantzou/shorts_cod36736544lk.html
